Quote,Title,Author,Date Published
"As the week unfolds, wedged between the monotony of Monday and the anticipations of Friday, Wednesday holds a unique position.",38 Killer Wednesday Quotes – Embracing the Midweek Motivation,by damen,2024-01-17T11:30:24+00:00
"“Who am I?” This timeless question has puzzled countless people – me included. Our identities shape our decisions, influence our lives, and define our sense of self.",38 Killer Wednesday Quotes – Embracing the Midweek Motivation,by damen,2024-01-17T11:30:24+00:00
"“The Hate U Give” is a literary masterpiece that serves as a mirror, reflecting the harsh realities of systemic racism and inequality.",38 Killer Wednesday Quotes – Embracing the Midweek Motivation,by damen,2024-01-17T11:30:24+00:00
"Indian Horse, a novel by the late Ojibwe author Richard Wagamese, explores the profound impact of cultural assimilation and the healing power of self-discovery.",38 Killer Wednesday Quotes – Embracing the Midweek Motivation,by damen,2024-01-17T11:30:24+00:00
The Shawshank Redemption” is a timeless tale that continues to captivate audiences worldwide. Its quotes have transcended the screen.,38 Killer Wednesday Quotes – Embracing the Midweek Motivation,by damen,2024-01-17T11:30:24+00:00
"As the narrative unfolds, Dalton weaves a tapestry of quotes that collectively explore the intricacies of human experience, from love and forgiveness to the complexities of communication and the duality of life.",38 Killer Wednesday Quotes – Embracing the Midweek Motivation,by damen,2024-01-17T11:30:24+00:00
"Moon of the Crusted Snow, written by Waubgeshig Rice, is a novel that delves into the theme of resilience within the context of an Anishinaabe community facing a catastrophic power outage.",38 Killer Wednesday Quotes – Embracing the Midweek Motivation,by damen,2024-01-17T11:30:24+00:00
"Bob Marley, the legendary Jamaican singer, songwriter, and reggae icon, left an indelible mark on the world with his powerful music and profound messages.",38 Killer Wednesday Quotes – Embracing the Midweek Motivation,by damen,2024-01-17T11:30:24+00:00
"Romeo and Juliet, one of Shakespeare’s most iconic plays, is a timeless tale of love, tragedy, and the consequences of feuding families.",38 Killer Wednesday Quotes – Embracing the Midweek Motivation,by damen,2024-01-17T11:30:24+00:00
"Whether you’re looking for a witty caption for your Instagram-worthy photos or a funny message to include in a grad card, these quotes are sure to bring a smile to your face. So, let’s dive into the world of funny graduation quotes.",38 Killer Wednesday Quotes – Embracing the Midweek Motivation,by damen,2024-01-17T11:30:24+00:00
"“The Shawshank Redemption,” released 25 years ago, has become an iconic film celebrated for its compelling storytelling and memorable quotes.",38 Killer Wednesday Quotes – Embracing the Midweek Motivation,by damen,2024-01-17T11:30:24+00:00
"Funny yearbook quotes are a celebration of individuality, a testament to the diverse personalities that contribute to the rich tapestry of high school life.",38 Killer Wednesday Quotes – Embracing the Midweek Motivation,by damen,2024-01-17T11:30:24+00:00
"Trust and honor, two abstract concepts that can be as fragile as shattered glass, are central themes in Tim O’Brien’s short story, “On the Rainy River.”",38 Killer Wednesday Quotes – Embracing the Midweek Motivation,by damen,2024-01-17T11:30:24+00:00
"Arthur Miller’s timeless play, “Death of a Salesman,” delves into the struggles of Willy Loman, a traveling salesman, as he grapples with his identity, dreams, and the harsh realities of life.",38 Killer Wednesday Quotes – Embracing the Midweek Motivation,by damen,2024-01-17T11:30:24+00:00
"The Marrow Thieves, a dystopian novel by Cherie Dimaline, captivates readers with its poignant quotes that delve deep into themes of survival, identity, and the relentless pursuit of dreams.",38 Killer Wednesday Quotes – Embracing the Midweek Motivation,by damen,2024-01-17T11:30:24+00:00
"Wednesday, often referred to as “Hump Day,” holds a unique place in the hearts of many individuals navigating the workweek.",38 Killer Wednesday Quotes – Embracing the Midweek Motivation,by damen,2024-01-17T11:30:24+00:00
"Martin Luther King Jr., a central figure in the American civil rights movement, left an indelible mark on history through his powerful speeches and writings.",38 Killer Wednesday Quotes – Embracing the Midweek Motivation,by damen,2024-01-17T11:30:24+00:00
"Education is a journey that opens our eyes and expands our minds, allowing us to continually reshape how we see the world.",38 Killer Wednesday Quotes – Embracing the Midweek Motivation,by damen,2024-01-17T11:30:24+00:00
"Getting out of bed in the morning can often feel like a daunting task, but with the right mindset, you can turn each day into a source of inspiration and motivation.",38 Killer Wednesday Quotes – Embracing the Midweek Motivation,by damen,2024-01-17T11:30:24+00:00
"As we navigate through the bustling workweek, Friday emerges as the beacon of hope, promising the sweet embrace of the weekend.",38 Killer Wednesday Quotes – Embracing the Midweek Motivation,by damen,2024-01-17T11:30:24+00:00
"In the enthralling play “An Inspector Calls” by J.B. Priestley, the character of Mr. Arthur Birling takes center stage, embodying various facets of the society he represents.",38 Killer Wednesday Quotes – Embracing the Midweek Motivation,by damen,2024-01-17T11:30:24+00:00
"Sunflowers, with their golden petals and towering stems, have been a symbol of positivity, beauty, and resilience for centuries.",38 Killer Wednesday Quotes – Embracing the Midweek Motivation,by damen,2024-01-17T11:30:24+00:00
"Breakups are seldom easy; they come with a tide of emotions that can be overwhelming. In those moments of heartache, many turn to words for solace, finding comfort in the shared experiences of others.",38 Killer Wednesday Quotes – Embracing the Midweek Motivation,by damen,2024-01-17T11:30:24+00:00
"Alice Cooper Age: Alice Cooper is the stage name of Vincent Damon Furnier, an American singer, songwriter, and actor who is generally regarded as the… Read More »Alice Cooper Age",38 Killer Wednesday Quotes – Embracing the Midweek Motivation,by damen,2024-01-17T11:30:24+00:00
"Grace And Lace Net Worth: In order to get to the Shark Tank, Rick and Melissa Hinnant have traveled a great distance from their home… Read More »Grace And Lace Net Worth",38 Killer Wednesday Quotes – Embracing the Midweek Motivation,by damen,2024-01-17T11:30:24+00:00
"Just Eat Refund Trick: Customers ordering takeaway in Fallowfield have been complaining that their meals were never delivered and demanding refunds, despite the fact that… Read More »Just Eat Refund Trick",38 Killer Wednesday Quotes – Embracing the Midweek Motivation,by damen,2024-01-17T11:30:24+00:00
"How Tall Is Laurence Llewelyn Bowen: Laurence Llewelyn-Bowen is a well-known television show host who was born on March 11, 1965, in the United Kingdom,… Read More »How Tall Is Laurence Llewelyn Bowen",38 Killer Wednesday Quotes – Embracing the Midweek Motivation,by damen,2024-01-17T11:30:24+00:00
"Dr. Ildaura Murillo-Rohde Age: In addition to being a nurse, Ildaura Murillo-Rohde was a professor, academic, tennis teacher, and administrator in Panama. She was born… Read More »Dr. Ildaura Murillo-Rohde Age",38 Killer Wednesday Quotes – Embracing the Midweek Motivation,by damen,2024-01-17T11:30:24+00:00
"Potty Safe Net Worth: Shark Tank episode 1123 features Colt and Stacy Hall, who are hoping that the Sharks would appreciate Toilet Safe, their spill-proof… Read More »Potty Safe Net Worth",38 Killer Wednesday Quotes – Embracing the Midweek Motivation,by damen,2024-01-17T11:30:24+00:00
"Brandon Copeland Net Worth: In 1991, Brandon Copeland was born in the city of in the state of. He is an American football player who… Read More »Brandon Copeland Net Worth",38 Killer Wednesday Quotes – Embracing the Midweek Motivation,by damen,2024-01-17T11:30:24+00:00
A Murderer Upstairs True Story: There was a lengthy and emotionally draining custody fight for Greg Kent’s daughter Rachel (Tiera Skovbye – My Daughter’s Disgrace)… Read More »A Murderer Upstairs True Story,A Murderer Upstairs True Story,by Quotes Humor,2023-04-14T06:32:39+00:00
"Kenzzi Laser Hair Removal Reviews: Body hair is an unavoidable part of life, regardless of whether you are on Teamhair (love it or leave it)… Read More »Kenzzi Laser Hair Removal Reviews",A Murderer Upstairs True Story,by Quotes Humor,2023-04-14T06:32:39+00:00
"Lit Handlers Net Worth: Destiny Padgett, a young entrepreneur who wanted to grow her business by enlisting the help of some of the world’s most… Read More »Lit Handlers Net Worth",A Murderer Upstairs True Story,by Quotes Humor,2023-04-14T06:32:39+00:00
Christina Haack Net Worth: Christina Haack is a real estate investor and television personality from the United States. As a co-host of the real estate… Read More »Christina Haack Net Worth,A Murderer Upstairs True Story,by Quotes Humor,2023-04-14T06:32:39+00:00
Detective Briscoe Played By Jerry Orbach: Jerry Orbach was an American actor who won a Tony Award for his performance as Detective Lennie Briscoe on… Read More »Detective Briscoe Played By Jerry Orbach,A Murderer Upstairs True Story,by Quotes Humor,2023-04-14T06:32:39+00:00
Stephen Fry Milk Trick: Stephen Fry has to be somewhere at the top of the list if one is asked to identify the finest human… Read More »Stephen Fry Milk Trick,A Murderer Upstairs True Story,by Quotes Humor,2023-04-14T06:32:39+00:00
"Super Potty Trainer Net Worth: By participating in season 12 episode 25 of ABC’s “Shark Tank,” New Hampshire native Judy Abrahams and her business partner… Read More »Super Potty Trainer Net Worth",A Murderer Upstairs True Story,by Quotes Humor,2023-04-14T06:32:39+00:00
2K22 Face Scan App: It has been causing some confusion among players who are attempting to transfer their image into NBA 2K22 because of the… Read More »2K22 Face Scan App,A Murderer Upstairs True Story,by Quotes Humor,2023-04-14T06:32:39+00:00
"What Happened To Gerry In New Tricks: I really believe that the BBC has made a monumental mistake by ending New Tricks after this season,… Read More »What Happened To Gerry In New Tricks",A Murderer Upstairs True Story,by Quotes Humor,2023-04-14T06:32:39+00:00
How Tall Is Gregg Wallace: Celebrity chef Gregg Wallace rose to fame after appearing on the culinary program Saturday Kitchen in 2002 when he gained… Read More »How Tall Is Gregg Wallace,A Murderer Upstairs True Story,by Quotes Humor,2023-04-14T06:32:39+00:00
"Jada Pinkett Smith Affair: According to August Alsina, he would like to keep his personal life a secret. The rapper/movie star, Alsina, responded last month… Read More »Jada Pinkett Smith Affair",A Murderer Upstairs True Story,by Quotes Humor,2023-04-14T06:32:39+00:00
"Linda Tripp Cause Of Death: Lindy Tripp, a federal employee who surreptitiously taped discussions with Monica Lewinsky in the late 1990s regarding Lewinsky’s romance with… Read More »Linda Tripp Cause Of Death",A Murderer Upstairs True Story,by Quotes Humor,2023-04-14T06:32:39+00:00
"Clary Lamont Joke: Julian Clary, a homosexual television comedic legend, made a crude remark about then-UK Chancellor of the Exchequer Norman Lamont, whom Clary said… Read More »Clary Lamont Joke",A Murderer Upstairs True Story,by Quotes Humor,2023-04-14T06:32:39+00:00
"Liveops Review: Created in 2002, Liveops is a virtual contact center company that provides a variety of services. They presently have the highest number of… Read More »Liveops Review",A Murderer Upstairs True Story,by Quotes Humor,2023-04-14T06:32:39+00:00
"Ashley Madison Hack Database: When a hacker group calling itself “The Impact Team” hacked the user data from Ashley Madison, a commercial website promoting extramarital… Read More »Ashley Madison Hack Database",A Murderer Upstairs True Story,by Quotes Humor,2023-04-14T06:32:39+00:00
"Michael K Williams And Tasha Smith Break Up: Michael K. Williams was not married at the time of his death. He was, however, connected to… Read More »Michael K Williams And Tasha Smith Break Up",A Murderer Upstairs True Story,by Quotes Humor,2023-04-14T06:32:39+00:00
"How Old Is Ishowspeed The Youtuber: Darren Watkins is a young YouTuber from the United States. His YouTube channel, IShowSpeed, has more than 2.22 million… Read More »How Old Is Ishowspeed The Youtuber",A Murderer Upstairs True Story,by Quotes Humor,2023-04-14T06:32:39+00:00
"Pamela Chup Memes: On Pinterest, you may find Pamela Chup’s board Third Eye Tee’s board. More ideas about hilarious spanish memes, spanish memes, and memes… Read More »Pamela Chup Memes",A Murderer Upstairs True Story,by Quotes Humor,2023-04-14T06:32:39+00:00
Remix Matrix Gladys Video: A smart YouTube channel has ingeniously arranged a series of Gladys Berejiklian news conferences in order to convey a satirical warning… Read More »Remix Matrix Gladys Video,A Murderer Upstairs True Story,by Quotes Humor,2023-04-14T06:32:39+00:00
Benjamin Mendy Memes: Manchester City soccer star Benjamin Mendy was arrested and put into prison awaiting trial after appearing in Chester District Court on charges… Read More »Benjamin Mendy Memes,A Murderer Upstairs True Story,by Quotes Humor,2023-04-14T06:32:39+00:00
"Pain And Gain Real Story: It is impossible for Zsuzsanna Griga to forget the abduction of her brother Frank and his girlfriend, Krisztina Furton, which… Read More »Pain And Gain Real Story",A Murderer Upstairs True Story,by Quotes Humor,2023-04-14T06:32:39+00:00
"Lauren Santo Domingo Children: Lauren Santo Domingo (née Davis; born February 28, 1976) is an American businesswoman, magazine editor, and socialite who is best known… Read More »Lauren Santo Domingo Children",A Murderer Upstairs True Story,by Quotes Humor,2023-04-14T06:32:39+00:00
"How Tall Is Katie Pavlich: Pavlich was born on July 10, 1988, in the state of Arizona, in the United States of America. Her ancestors… Read More »How Tall Is Katie Pavlich",A Murderer Upstairs True Story,by Quotes Humor,2023-04-14T06:32:39+00:00
"When Is The Edinburgh Tattoo: It is a yearly series of military tattoos performed by members of the British Armed Forces, Commonwealth and foreign military… Read More »When Is The Edinburgh Tattoo",A Murderer Upstairs True Story,by Quotes Humor,2023-04-14T06:32:39+00:00
"Chris Packham Daughter: Chris Packham’s stepson Megan McCubbin made her live television debut on Springwatch 2020, which aired on the Discovery Channel. Megan appeared with… Read More »Chris Packham Daughter",A Murderer Upstairs True Story,by Quotes Humor,2023-04-14T06:32:39+00:00
Mina Starsiak Net Worth: Six seasons of Good Bones and a slew of other ventures have been undertaken by the reality television star. According to… Read More »Mina Starsiak Net Worth,A Murderer Upstairs True Story,by Quotes Humor,2023-04-14T06:32:39+00:00
"Charlie Watts Wife And Daughter: In today’s top stories, we learn that Charles Watts died away on August 24, 2021, which is the worst piece… Read More »Charlie Watts Wife And Daughter",A Murderer Upstairs True Story,by Quotes Humor,2023-04-14T06:32:39+00:00
Fortnite Secret Lair: It was announced at the Magic Showcase 2021 digital event that the crossover set would have a range of recognized images from… Read More »Fortnite Secret Lair,A Murderer Upstairs True Story,by Quotes Humor,2023-04-14T06:32:39+00:00
"Fabuloso Toilet Bowl Hack: TikTok is a social media platform where you can find lip-syncing videos, popular dancing videos, and now toilet cleaning tips. Yes,… Read More »Fabuloso Toilet Bowl Hack",A Murderer Upstairs True Story,by Quotes Humor,2023-04-14T06:32:39+00:00
Changelly Review: Changelly is a cryptocurrency exchange that is not a custodial service provider and that provides over 200 different cryptocurrencies. Their simple-to-use service is… Read More »Changelly Review,A Murderer Upstairs True Story,by Quotes Humor,2023-04-14T06:32:39+00:00
Mark Wahlberg Wife: This is a love tale that will go down in history. The relationship between Mark Wahlberg and Rhea Durham may have defied… Read More »Mark Wahlberg Wife,Mark Wahlberg Wife,by Quotes Humor,2023-04-13T23:37:52+00:00
What exactly is Ruxinggu? Ruxinggu Air Fryer Reviews: The Ruxinggu Air Fryer is ideal for healthy cooking. This air fryer utilizes a fast cooling mechanism… Read More »Ruxinggu Air Fryer Reviews,Mark Wahlberg Wife,by Quotes Humor,2023-04-13T23:37:52+00:00
Scag Patriot Reviews: Your hardest commercial tasks and big estate properties will be handled effortlessly and comfortably by the Patriot 52″ and 61″ rigs. All… Read More »Scag Patriot Reviews,Mark Wahlberg Wife,by Quotes Humor,2023-04-13T23:37:52+00:00
"Ovation Hair Reviews: Developed by DC laboratories, this hair care product consists of a shampoo and conditioner, as well as a treatment that retails for… Read More »Ovation Hair Reviews",Mark Wahlberg Wife,by Quotes Humor,2023-04-13T23:37:52+00:00
"Angelina Chicken Tenders Video: Angelina Pivarnick was reportedly caught on camera cheating on her husband, but she refuted the allegation on Thursday’s episode of Jersey… Read More »Angelina Chicken Tenders Video",Mark Wahlberg Wife,by Quotes Humor,2023-04-13T23:37:52+00:00
"Outback Saturn Hybrid 4 Burner Gas Bbq Review: That time of year when you want to spend time outside in the garden is quickly approaching,… Read More »Outback Saturn Hybrid 4 Burner Gas Bbq Review",Mark Wahlberg Wife,by Quotes Humor,2023-04-13T23:37:52+00:00
"Phoenix Coyotes Owner: Phoenix Coyotes, formerly known as the Winnipeg Jets, are a professional ice hockey team currently based in Phoenix, Arizona, and competing in… Read More »Phoenix Coyotes Owner",Mark Wahlberg Wife,by Quotes Humor,2023-04-13T23:37:52+00:00
Orange Head Joke: A man enters a pub and pauses: there’s this guy with a huge orange head. He was just sort of mooning into… Read More »Orange Head Joke,Mark Wahlberg Wife,by Quotes Humor,2023-04-13T23:37:52+00:00
Bush Cordless Handstick Vacuum Cleaner Review: Deal with dust and dander with the Bush cordless stick vacuum cleaner. It is suitable for all floor surfaces… Read More »Bush Cordless Handstick Vacuum Cleaner Review,Mark Wahlberg Wife,by Quotes Humor,2023-04-13T23:37:52+00:00
"Love In A Cold Climate Author: Love in a Cold Climate is one of Nancy Mitford’s most popular books, and it is a dazzling romantic… Read More »Love In A Cold Climate Author",Mark Wahlberg Wife,by Quotes Humor,2023-04-13T23:37:52+00:00
"Net Worth: $350 Million Age: 79 Born: May 24, 1941 Country of Origin: United States of America Source of Wealth: Professional Singer Last Updated: 2021… Read More »Bob Dylan Net Worth",Mark Wahlberg Wife,by Quotes Humor,2023-04-13T23:37:52+00:00
"Oscar Dixon Go Fund Me: We got the news that no parent should ever have to hear in February of this year, just a few… Read More »Oscar Dixon Go Fund Me",Mark Wahlberg Wife,by Quotes Humor,2023-04-13T23:37:52+00:00
"Pooch Selfie Net Worth: Pooch Selfie is a San Diego, California-based business that seeks to make it easier for individuals to snap photos of themselves… Read More »Pooch Selfie Net Worth",Mark Wahlberg Wife,by Quotes Humor,2023-04-13T23:37:52+00:00
"Six flags season pass price: Six Flags Great America is the perfect place to splash, scream, and soar your way into summer with an exciting… Read More »Six flags season pass price",Mark Wahlberg Wife,by Quotes Humor,2023-04-13T23:37:52+00:00
"Kimblade review: In 2018, KIMBLADE Inc. released a very successful wiper blade project on Kickstarter and Indiegogo, which garnered a lot of attention. In total,… Read More »Kimblade review",Mark Wahlberg Wife,by Quotes Humor,2023-04-13T23:37:52+00:00
"Allurium beauty reviews: When using our new EXTRA Strength Allurium Hair Growth Serum, women of colour report experiencing significant improvements in as little as 2… Read More »Allurium beauty reviews",Mark Wahlberg Wife,by Quotes Humor,2023-04-13T23:37:52+00:00
"Olivia Rodrigo parents: Olivia was born on February 20, 2003, in Marietta, California, and grew up there before relocating to Los Angeles to pursue a… Read More »Olivia Rodrigo parents",Mark Wahlberg Wife,by Quotes Humor,2023-04-13T23:37:52+00:00
"River phoenix parents: Rain Phoenix was raised by hippies and, like her brothers River and Joaquin, has established a name for herself in the entertainment… Read More »River phoenix parents",Mark Wahlberg Wife,by Quotes Humor,2023-04-13T23:37:52+00:00
Sinqua walls wife: A guest appearance on the popular NBC program Friday Night Lights in 2008 provided Sinqua Walls with the first significant market exposure… Read More »Sinqua walls wife,Mark Wahlberg Wife,by Quotes Humor,2023-04-13T23:37:52+00:00
"Happy birthday mom in heaven from your daughter: When it comes to people’s lives, mothers are those unique people who need to be recognized both… Read More »Happy birthday mom in heaven from your daughter",Mark Wahlberg Wife,by Quotes Humor,2023-04-13T23:37:52+00:00
"Parents maiwenn: Sa mère, l’actrice Cathe­rine Belkhodja, wanted to turn him into a vedette, whether by choice or by compulsion. Although the realism actor has… Read More »Parents maiwenn",Mark Wahlberg Wife,by Quotes Humor,2023-04-13T23:37:52+00:00
"Khaby lame wife: Khaby Lame will be 21 years old in 2021, having been born on March 9, 2000. He was born and reared in… Read More »Khaby lame wife",Mark Wahlberg Wife,by Quotes Humor,2023-04-13T23:37:52+00:00
"Beyonce and jay z daughter: When Jay-fatherly Z’s instincts kicked in, the thought of not being able to save his daughter at a time when… Read More »Beyonce and jay z daughter",Mark Wahlberg Wife,by Quotes Humor,2023-04-13T23:37:52+00:00
"Jalen green parents: Jalen Romande Green (born February 9, 2002) is a professional basketball player from the United States who currently plays for the NBA… Read More »Jalen green parents",Mark Wahlberg Wife,by Quotes Humor,2023-04-13T23:37:52+00:00
Tom daley son biological father: Tom Daley and Dustin Lance Black are the proud parents of a newborn boy who is a mix of both… Read More »Tom daley son biological father,Mark Wahlberg Wife,by Quotes Humor,2023-04-13T23:37:52+00:00
"Kiko Matsuyama husband carl: Kiko Matsuyama is married to Carl Matsuyama, whom she met over the internet. Here’s a little more information on the model,… Read More »Kiko Matsuyama husband carl",Mark Wahlberg Wife,by Quotes Humor,2023-04-13T23:37:52+00:00
"Does Tupac have a daughter: Tupac Shakur was an American rapper who was a symbol of gangsta rap in the 1990s and who, after his… Read More »Does Tupac have a daughter",Mark Wahlberg Wife,by Quotes Humor,2023-04-13T23:37:52+00:00
"Joe dassin parents: Dassin was born in New York City, the son of American film director Jules Dassin (1911–2008) and violinist Béatrice Launer (1913–1994), who… Read More »Joe dassin parents",Mark Wahlberg Wife,by Quotes Humor,2023-04-13T23:37:52+00:00
"Jovita Moore’s daughter: A lot of people know Moore from her job as an anchor for Channel 2 Action News in Atlanta’s 5 p.m show,… Read More »Jovita Moore daughter",Mark Wahlberg Wife,by Quotes Humor,2023-04-13T23:37:52+00:00
Following are the Highest trending and best selling selling products on Google search engine in July 2021 for dropshipping and Ecommerce. We have gathered this… Read More »Top 10 Trending Products in July 2021 for Dropshipping & Ecommerce,Mark Wahlberg Wife,by Quotes Humor,2023-04-13T23:37:52+00:00
"Buttercloth Shirts Reviews: Take a look at Buttercloth, for example. Danh Tran, the company’s founder and designer, was born and raised in Vietnam, where he… Read More »Buttercloth Shirts Reviews",Buttercloth Shirts Reviews,by Quotes Humor,2023-04-13T17:47:38+00:00
"Storeigo Mask Stick Review: Storeigo Mask Stick a green tea stick-on clay mask sold under many brand names, including Median, Qklovni, Mengsiqi, Ofanyia, and others,… Read More »Storeigo Mask Stick Review",Buttercloth Shirts Reviews,by Quotes Humor,2023-04-13T17:47:38+00:00
"Whish Foot Mask Reviews: Are you seeking a natural, exfoliating foot mask that will take your breath away? Look no further than Whish Exfoliating Foot… Read More »Whish Foot Mask Reviews",Buttercloth Shirts Reviews,by Quotes Humor,2023-04-13T17:47:38+00:00
"Zenvo Headphones Review: Zenvo Headphones, gear readers’ special offer: get $5 ($25 off) 1-year membership to WIRED. This includes unlimited access to WIRED.com and our… Read More »Zenvo Headphones Review",Buttercloth Shirts Reviews,by Quotes Humor,2023-04-13T17:47:38+00:00
"Inventum Rr410 Ruitenreiniger Review: Inventum Rr410 Ruitenreiniger, there will be no more old ramen! With the ruitenreiniger, you can get your ramen back to its… Read More »Inventum Rr410 Ruitenreiniger Review",Buttercloth Shirts Reviews,by Quotes Humor,2023-04-13T17:47:38+00:00
"Vibrapower Hiit Reviews Uk: Vibrapower Hiit with four High-Intensity Interval Training programs that alternate between high and low speeds, a manual mode, and twenty-speed options,… Read More »Vibrapower Hiit Reviews Uk",Buttercloth Shirts Reviews,by Quotes Humor,2023-04-13T17:47:38+00:00
"True Fit Posture Corrector Reviews: TrueFit® Posture Corrector is not a band-aid solution. When your body adapts to wearing our Posture Corrector, muscle memory is… Read More »True Fit Posture Corrector Reviews",Buttercloth Shirts Reviews,by Quotes Humor,2023-04-13T17:47:38+00:00
"Kat timpf salary: Katherine Timpf is a columnist, television personality, reporter, and comedian based in the United States. She is most recognized for her coverage… Read More »Kat timpf salary",Buttercloth Shirts Reviews,by Quotes Humor,2023-04-13T17:47:38+00:00
"Kirsty McNeill salary: Kirsty McNeill is the Executive Director of Policy, Advocacy, and Campaigns at Save the Children, where she leads a team of 160… Read More »Kirsty McNeill salary",Buttercloth Shirts Reviews,by Quotes Humor,2023-04-13T17:47:38+00:00
"Ryan papenhuyzen salary: Ryan Papenhuyzen contract discussions to make one of the game’s highest-paid players are underway, but no agreement will be reached until the… Read More »Ryan papenhuyzen salary",Buttercloth Shirts Reviews,by Quotes Humor,2023-04-13T17:47:38+00:00
"Dusty martin salary: Dustin Martin is kicking as many field goals as he is on. At the age of 29, the Richmond champion has established… Read More »Dusty martin salary",Buttercloth Shirts Reviews,by Quotes Humor,2023-04-13T17:47:38+00:00
"Thomas kochs salary: Thomas Kochs, Managing Director of Corinthia London, has boldly grown – and possibly led – London’s premium hospitality market. Hamish Kilburn, the… Read More »Thomas kochs salary",Buttercloth Shirts Reviews,by Quotes Humor,2023-04-13T17:47:38+00:00
"Halle berry daughter: Halle Berry is now the mother of a teen. Berry’s daughter Nahla just turned 13, and to commemorate the milestone, Berry posted… Read More »Halle berry daughter",Buttercloth Shirts Reviews,by Quotes Humor,2023-04-13T17:47:38+00:00
"Chef Anne Burrell’s wife: Anne Burrell came out in 2012, at a time when the culinary world’s major luminaries were adamant about keeping their private… Read More »Chef Anne Burrell wife",Buttercloth Shirts Reviews,by Quotes Humor,2023-04-13T17:47:38+00:00
"Fix it Felix wife: While Felix takes it (relatively) easy this time, Ralph and Vanellope go to the internet in an attempt to defend Vanellope’s… Read More »Fix it Felix wife",Buttercloth Shirts Reviews,by Quotes Humor,2023-04-13T17:47:38+00:00
"Jennifer Aydin husband: Jennifer Aydin reveals evidence that her husband, Bill Aydin, cannot keep his hands off her! The cast member of The Real Housewives… Read More »Jennifer Aydin husband",Buttercloth Shirts Reviews,by Quotes Humor,2023-04-13T17:47:38+00:00
"Madiha imam husband: Madiha Imam is a Pakistani television actress, model, and presenter who has achieved popularity and celebrity quickly. Madiha is more well-known as… Read More »Madiha imam husband",Buttercloth Shirts Reviews,by Quotes Humor,2023-04-13T17:47:38+00:00
Kountry Wayne wife: Kountry Wayne is a stand-up comedian who made a name for himself when his video gained massive exposure on Facebook in 2014.… Read More »Kountry Wayne wife,Buttercloth Shirts Reviews,by Quotes Humor,2023-04-13T17:47:38+00:00
Sara mortensen ses parents: Sara Mortensen was born in Paris in 1979. She is a French-Norwegian actress. She is well known as a mathematics professor… Read More »Sara mortensen ses parents,Buttercloth Shirts Reviews,by Quotes Humor,2023-04-13T17:47:38+00:00
"Donnie Wahlberg wife: Donnie Wahlberg was born Donald Edmond Wahlberg Jr. in Boston, Massachusetts, on August 17, 1969. He grew up in Dorchester, a predominantly… Read More »Donnie Wahlberg wife",Buttercloth Shirts Reviews,by Quotes Humor,2023-04-13T17:47:38+00:00
"Lorraine warren daughter: This odd idea piqued the interest of writer/director Gary Dauberman, who chose to center the film on Judy Warren (Mckenna Grace), the… Read More »Lorraine warren daughter",Buttercloth Shirts Reviews,by Quotes Humor,2023-04-13T17:47:38+00:00
"Benjamin duhamel ses parents: The Duhamel family is well known in the media world in France. No one was surprised, then, that Benjamin, the son… Read More »Benjamin duhamel ses parents",Buttercloth Shirts Reviews,by Quotes Humor,2023-04-13T17:47:38+00:00
Nhlanhla nciza daughter: Nhlanhla Nciza’s baring of her soul has resulted in an open letter to her son where she reveals her deep-rooted sadness at… Read More »Nhlanhla nciza daughter,Buttercloth Shirts Reviews,by Quotes Humor,2023-04-13T17:47:38+00:00
Tanya meme daughter: Tanya Memme is a Canadian actress and television personality known as the host of the reality show Sell This House. Tanya was… Read More »Tanya meme daughter,Buttercloth Shirts Reviews,by Quotes Humor,2023-04-13T17:47:38+00:00
"Drew Robinson wife: Drew Elliott Robinson (born April 20, 1992) is a professional baseball player for the San Francisco Giants in the infield and outfield… Read More »Drew Robinson wife",Buttercloth Shirts Reviews,by Quotes Humor,2023-04-13T17:47:38+00:00
"Damon Wayans jr. daughter: Damon Kyle Wayans Jr. was born in Huntington, Vermont, on November 18, 1982. Damon is a member of the illustrious Wayans… Read More »Damon Wayans jr. daughter",Buttercloth Shirts Reviews,by Quotes Humor,2023-04-13T17:47:38+00:00
"Lola Dewaere parents: When her father committed suicide in 1982, Lola Dewaere, the little girl, was left in the care of her maternal grandparents due… Read More »Lola Dewaere parents",Buttercloth Shirts Reviews,by Quotes Humor,2023-04-13T17:47:38+00:00
"Lystra Adams daughter: Lystra Adams, from Cheshire’s Royal Housewives, is one of the twelve cast members this Season. The NHL began the 2015-16 season on… Read More »Lystra Adams daughter",Buttercloth Shirts Reviews,by Quotes Humor,2023-04-13T17:47:38+00:00
"Jules Koundé parents: French footballer Jules Olivier Koundé (born November 12th, 1998) is a defender for Spanish La Liga club Sevilla and the France national… Read More »Jules Koundé parents",Buttercloth Shirts Reviews,by Quotes Humor,2023-04-13T17:47:38+00:00
"Antoine Dupont parents: French rugby player Antoine Dupont was born on November 15, 1996. Now a scrum-half for Toulouse in the Top 14, Antoine Dupont… Read More »Antoine Dupont parents",Buttercloth Shirts Reviews,by Quotes Humor,2023-04-13T17:47:38+00:00
"Manu Chef wife: This French-Australian chef and restaurateur, best known as one of the judges of the culinary competition program My Kitchen Rules, was born… Read More »Manu Chef wife",Manu Chef wife,by Quotes Humor,2023-04-13T10:12:04+00:00
"James tedesco salary: The professional league for Rugby Sydney Roosters of the National Rugby League is James Tedesco, born January 8, 1993. (NRL). He represented… Read More »James Tedesco salary",Manu Chef wife,by Quotes Humor,2023-04-13T10:12:04+00:00
Jordan north salary: Jordan North is well known for hosting shows on BBC Radio 1 as an English radio DJ. He worked also at the… Read More »Jordan north salary,Manu Chef wife,by Quotes Humor,2023-04-13T10:12:04+00:00
"Percy Tau salary at Brighton: The South African professional soccer club Brighton & Hove Albion, alongside the South African national team, plays Percy Muzi Tau… Read More »Percy Tau salary at Brighton",Manu Chef wife,by Quotes Humor,2023-04-13T10:12:04+00:00
"Hariss Harun salary: Hariss bin Harun is a Singaporean footballer born on 19 November 1990, playing as a middle ground middleman for Lion’s side Premier… Read More »Hariss Harun salary",Manu Chef wife,by Quotes Humor,2023-04-13T10:12:04+00:00
"Akshara Singh husband name 2020: Akshara Singh is a very lovely and best Bhojpuri actress in the world. Born in Mumbai, Maharashtra, on 30 August… Read More »Akshara Singh husband name 2020",Manu Chef wife,by Quotes Humor,2023-04-13T10:12:04+00:00
"Leo dussollier parents: Léo Dussollier was born in 1988, as the son of the actor André Dussollier and of Francesca Avossa. He has a sister,… Read More »Leo dussollier parents",Manu Chef wife,by Quotes Humor,2023-04-13T10:12:04+00:00
"Vivian grimigni origine parents: Vivian leaves the classical diagram quickly and adds a kitchen specialty. Again, he left and tried a career as a peacekeeper.… Read More »Vivian grimigni origine parents",Manu Chef wife,by Quotes Humor,2023-04-13T10:12:04+00:00
"How tall is Snoop Dogg’s wife: For so many reasons Snoop Dogg is an icon; however, one aspect of his life is marriage to Shante… Read More »How tall is Snoop Dogg wife",Manu Chef wife,by Quotes Humor,2023-04-13T10:12:04+00:00
Matthieu valet parents: This is one of the most bizarre births I’ve ever seen. Matthieu saw the day at the Maternity of the Montélimar Hospital… Read More »Matthieu valet parents,Manu Chef wife,by Quotes Humor,2023-04-13T10:12:04+00:00
"Sharleen Spiteri husband: The Scottish artist and songwriter of the Finnieston, Glasgow, Scotland recording is Sharleen Eugene Spiteri (born 7 November 1967). She’s the Texas… Read More »Sharleen Spiteri husband",Manu Chef wife,by Quotes Humor,2023-04-13T10:12:04+00:00
"Camélia jordana origine parents: Camélia Jordana, whose parents are Algerians, was one of the few artists to be part of the debate around the Stora… Read More »Camélia jordana origine parents",Manu Chef wife,by Quotes Humor,2023-04-13T10:12:04+00:00
"Keith washington wife: In 1991 Keith Washington performed the American R&B vocalist in Detroit (Michigan) (born November 16, 1960). This song for the ABC TV soap… Read More »Keith Washington wife",Manu Chef wife,by Quotes Humor,2023-04-13T10:12:04+00:00
"Armaan malik wife: The Indian singer, songwriter, record producer, voice over, performer and actor is Armaan Malik born on 22 July 1995. He was well-known… Read More »Armaan malik wife",Manu Chef wife,by Quotes Humor,2023-04-13T10:12:04+00:00
"Amanda berry daughter: In 2003, just before turning 17, Amanda Berry vanished in Cleveland one night. For more than ten years she was detained by… Read More »Amanda berry daughter",Manu Chef wife,by Quotes Humor,2023-04-13T10:12:04+00:00
"Kevin Guthrie Wife: Kevin Guthrie is a Scottish actor, born on 21 March 1988. Ally on Leith (2013) and Ewan Tavendale are among his best-known… Read More »Kevin Guthrie Wife",Manu Chef wife,by Quotes Humor,2023-04-13T10:12:04+00:00
"Anna Nicole Smith and son: The American model, actress, and persona of television Anna Nícol Smith was born November 28, 1967–February 8, 2007. When Smith… Read More »Anna Nicole Smith and son",Manu Chef wife,by Quotes Humor,2023-04-13T10:12:04+00:00
"Clive Owen Farmer net worth: After the documentary show ‘Our Yorkshire Farm,’ Clive Owen got name and fame. Although Clive is not a farmer, he… Read More »Clive Owen Farmer net worth",Manu Chef wife,by Quotes Humor,2023-04-13T10:12:04+00:00
Angels And Tomboys Net Worth: Angels and Tomboys is the beauty and bodyguard company created for two and teens by siblings Madison Star & Mallory Iyana.… Read More »Angels And Tomboys Net Worth,Manu Chef wife,by Quotes Humor,2023-04-13T10:12:04+00:00
David E Taylor net worth: David S Taylor’s Net Worth as of 20 May 2021 is estimated at at least $103 million. Over the past… Read More »David E Taylor net worth,Manu Chef wife,by Quotes Humor,2023-04-13T10:12:04+00:00
Luis Von Ahn net worth: Luis von Ahn is a businessman who waves in the computer and technological industry and has achieved huge success. He… Read More »Luis Von Ahn net worth,Manu Chef wife,by Quotes Humor,2023-04-13T10:12:04+00:00
"Marty Raney Net Worth: Compared to some of the television shows currently on the air, the calling “Homestate Rescue” would be hard-pressed. No competition exists… Read More »Marty Raney Net Worth",Manu Chef wife,by Quotes Humor,2023-04-13T10:12:04+00:00
Maria Medina Son: In March 2015 Maria Medina started work at KPIX 5. The KPIX 5 Weekend Early Edition reports and anchors Maria. Maria will… Read More »Maria Medina Son,Manu Chef wife,by Quotes Humor,2023-04-13T10:12:04+00:00
"Kirko Bangz Son: Kirko Bangz suffers an enormous loss that a parent might suffer. The rapper, best known for his single “Drank in My Cup,”… Read More »Kirko Bangz Son",Manu Chef wife,by Quotes Humor,2023-04-13T10:12:04+00:00
Sonja morgan husband: Funny wife Sonja Morgan has entertained fans since she joined the franchise in season 3. Resident “The Real Housewives of New York.”… Read More »Sonja morgan husband,Manu Chef wife,by Quotes Humor,2023-04-13T10:12:04+00:00
"Montana fouts parents: The American softball player Montana Fouts (born on June 4, 2000). She studied in East Carter High School in Grayson, Kentucky, where… Read More »Montana fouts parents",Manu Chef wife,by Quotes Humor,2023-04-13T10:12:04+00:00
"Jay blades wife: Jay Blades of the repair shop revealed that after his marriage collapsed and his charity went bust, he hit the rock bottom’… Read More »Jay blades wife",Manu Chef wife,by Quotes Humor,2023-04-13T10:12:04+00:00
"César de rummel parents: Actress Ariane Séguillon and her son Dorian Lauduique, musician and DJ of the duo Ofenbach, were interviewed by Paris Match in… Read More »César de rummel parents",Manu Chef wife,by Quotes Humor,2023-04-13T10:12:04+00:00
"Lea Drucker Parents: Niece of television broadcaster Michel Drucker and former M6 chairman, Jean Drucker, was born at Caen, Normandy. Jacques’ father is a physician… Read More »Lea Drucker Parents",Manu Chef wife,by Quotes Humor,2023-04-13T10:12:04+00:00
"Simon Bryant wife: Simon Bryant is an Australian chef who was born in Exeter, Devon, England on February 14, 1965. On the ABC show The… Read More »Simon Bryant wife",Manu Chef wife,by Quotes Humor,2023-04-13T10:12:04+00:00
